puedes encender la impresora porfa,3d_printer_on
puedes encender la impresora 3D porfa,3d_printer_on
oye puedes encender la impresora porfa,3d_printer_on
oye puedes encender la impresora 3D porfa,3d_printer_on
podrías encender la impresora porfa,3d_printer_on
podrías encender la impresora 3D porfa,3d_printer_on
tienes chance de encender la impresora porfa,3d_printer_on
tienes chance de encender la impresora 3D porfa,3d_printer_on
encender la impresora porfa,3d_printer_on
encender la impresora 3D porfa,3d_printer_on
puedes encender la impresora por favor,3d_printer_on
puedes encender la impresora 3D por favor,3d_printer_on
oye puedes encender la impresora por favor,3d_printer_on
oye puedes encender la impresora 3D por favor,3d_printer_on
podrías encender la impresora por favor,3d_printer_on
podrías encender la impresora 3D por favor,3d_printer_on
tienes chance de encender la impresora por favor,3d_printer_on
tienes chance de encender la impresora 3D por favor,3d_printer_on
encender la impresora por favor,3d_printer_on
encender la impresora 3D por favor,3d_printer_on
puedes encender la impresora,3d_printer_on
puedes encender la impresora 3D,3d_printer_on
oye puedes encender la impresora,3d_printer_on
oye puedes encender la impresora 3D,3d_printer_on
podrías encender la impresora,3d_printer_on
podrías encender la impresora 3D,3d_printer_on
tienes chance de encender la impresora,3d_printer_on
tienes chance de encender la impresora 3D,3d_printer_on
encender la impresora,3d_printer_on
encender la impresora 3D,3d_printer_on
puedes activar la impresora porfa,3d_printer_on
puedes activar la impresora 3D porfa,3d_printer_on
oye puedes activar la impresora porfa,3d_printer_on
oye puedes activar la impresora 3D porfa,3d_printer_on
podrías activar la impresora porfa,3d_printer_on
podrías activar la impresora 3D porfa,3d_printer_on
tienes chance de activar la impresora porfa,3d_printer_on
tienes chance de activar la impresora 3D porfa,3d_printer_on
activar la impresora porfa,3d_printer_on
activar la impresora 3D porfa,3d_printer_on
puedes activar la impresora por favor,3d_printer_on
puedes activar la impresora 3D por favor,3d_printer_on
oye puedes activar la impresora por favor,3d_printer_on
oye puedes activar la impresora 3D por favor,3d_printer_on
podrías activar la impresora por favor,3d_printer_on
podrías activar la impresora 3D por favor,3d_printer_on
tienes chance de activar la impresora por favor,3d_printer_on
tienes chance de activar la impresora 3D por favor,3d_printer_on
activar la impresora por favor,3d_printer_on
activar la impresora 3D por favor,3d_printer_on
puedes activar la impresora,3d_printer_on
puedes activar la impresora 3D,3d_printer_on
oye puedes activar la impresora,3d_printer_on
oye puedes activar la impresora 3D,3d_printer_on
podrías activar la impresora,3d_printer_on
podrías activar la impresora 3D,3d_printer_on
tienes chance de activar la impresora,3d_printer_on
tienes chance de activar la impresora 3D,3d_printer_on
activar la impresora,3d_printer_on
activar la impresora 3D,3d_printer_on
puedes prender la impresora porfa,3d_printer_on
puedes prender la impresora 3D porfa,3d_printer_on
oye puedes prender la impresora porfa,3d_printer_on
oye puedes prender la impresora 3D porfa,3d_printer_on
podrías prender la impresora porfa,3d_printer_on
podrías prender la impresora 3D porfa,3d_printer_on
tienes chance de prender la impresora porfa,3d_printer_on
tienes chance de prender la impresora 3D porfa,3d_printer_on
prender la impresora porfa,3d_printer_on
prender la impresora 3D porfa,3d_printer_on
puedes prender la impresora por favor,3d_printer_on
puedes prender la impresora 3D por favor,3d_printer_on
oye puedes prender la impresora por favor,3d_printer_on
oye puedes prender la impresora 3D por favor,3d_printer_on
podrías prender la impresora por favor,3d_printer_on
podrías prender la impresora 3D por favor,3d_printer_on
tienes chance de prender la impresora por favor,3d_printer_on
tienes chance de prender la impresora 3D por favor,3d_printer_on
prender la impresora por favor,3d_printer_on
prender la impresora 3D por favor,3d_printer_on
puedes prender la impresora,3d_printer_on
puedes prender la impresora 3D,3d_printer_on
oye puedes prender la impresora,3d_printer_on
oye puedes prender la impresora 3D,3d_printer_on
podrías prender la impresora,3d_printer_on
podrías prender la impresora 3D,3d_printer_on
tienes chance de prender la impresora,3d_printer_on
tienes chance de prender la impresora 3D,3d_printer_on
prender la impresora,3d_printer_on
prender la impresora 3D,3d_printer_on
oye enciende la impresora porfa,3d_printer_on
oye enciende la impresora 3D porfa,3d_printer_on
enciende la impresora porfa,3d_printer_on
enciende la impresora 3D porfa,3d_printer_on
oye enciende la impresora por favor,3d_printer_on
oye enciende la impresora 3D por favor,3d_printer_on
enciende la impresora por favor,3d_printer_on
enciende la impresora 3D por favor,3d_printer_on
oye enciende la impresora,3d_printer_on
oye enciende la impresora 3D,3d_printer_on
enciende la impresora,3d_printer_on
enciende la impresora 3D,3d_printer_on
oye activa la impresora porfa,3d_printer_on
oye activa la impresora 3D porfa,3d_printer_on
activa la impresora porfa,3d_printer_on
activa la impresora 3D porfa,3d_printer_on
oye activa la impresora por favor,3d_printer_on
oye activa la impresora 3D por favor,3d_printer_on
activa la impresora por favor,3d_printer_on
activa la impresora 3D por favor,3d_printer_on
oye activa la impresora,3d_printer_on
oye activa la impresora 3D,3d_printer_on
activa la impresora,3d_printer_on
activa la impresora 3D,3d_printer_on
oye prende la impresora porfa,3d_printer_on
oye prende la impresora 3D porfa,3d_printer_on
prende la impresora porfa,3d_printer_on
prende la impresora 3D porfa,3d_printer_on
oye prende la impresora por favor,3d_printer_on
oye prende la impresora 3D por favor,3d_printer_on
prende la impresora por favor,3d_printer_on
prende la impresora 3D por favor,3d_printer_on
oye prende la impresora,3d_printer_on
oye prende la impresora 3D,3d_printer_on
prende la impresora,3d_printer_on
prende la impresora 3D,3d_printer_on
ocupo que enciendas la impresora porfa,3d_printer_on
ocupo que enciendas la impresora 3D porfa,3d_printer_on
necesito que enciendas la impresora porfa,3d_printer_on
necesito que enciendas la impresora 3D porfa,3d_printer_on
ocupo que enciendas la impresora por favor,3d_printer_on
ocupo que enciendas la impresora 3D por favor,3d_printer_on
necesito que enciendas la impresora por favor,3d_printer_on
necesito que enciendas la impresora 3D por favor,3d_printer_on
ocupo que enciendas la impresora,3d_printer_on
ocupo que enciendas la impresora 3D,3d_printer_on
necesito que enciendas la impresora,3d_printer_on
necesito que enciendas la impresora 3D,3d_printer_on
ocupo que actives la impresora porfa,3d_printer_on
ocupo que actives la impresora 3D porfa,3d_printer_on
necesito que actives la impresora porfa,3d_printer_on
necesito que actives la impresora 3D porfa,3d_printer_on
ocupo que actives la impresora por favor,3d_printer_on
ocupo que actives la impresora 3D por favor,3d_printer_on
necesito que actives la impresora por favor,3d_printer_on
necesito que actives la impresora 3D por favor,3d_printer_on
ocupo que actives la impresora,3d_printer_on
ocupo que actives la impresora 3D,3d_printer_on
necesito que actives la impresora,3d_printer_on
necesito que actives la impresora 3D,3d_printer_on
ocupo que prendas la impresora porfa,3d_printer_on
ocupo que prendas la impresora 3D porfa,3d_printer_on
necesito que prendas la impresora porfa,3d_printer_on
necesito que prendas la impresora 3D porfa,3d_printer_on
ocupo que prendas la impresora por favor,3d_printer_on
ocupo que prendas la impresora 3D por favor,3d_printer_on
necesito que prendas la impresora por favor,3d_printer_on
necesito que prendas la impresora 3D por favor,3d_printer_on
ocupo que prendas la impresora,3d_printer_on
ocupo que prendas la impresora 3D,3d_printer_on
necesito que prendas la impresora,3d_printer_on
necesito que prendas la impresora 3D,3d_printer_on
puedes pausar la impresora porfa,3d_printer_pause
puedes pausar la impresora 3D porfa,3d_printer_pause
puedes pausar la impresión porfa,3d_printer_pause
puedes pausar la impresión 3D porfa,3d_printer_pause
puedes pausar lo que tengo imprimiendo porfa,3d_printer_pause
puedes pausar lo que se está imprimiendo porfa,3d_printer_pause
oye puedes pausar la impresora porfa,3d_printer_pause
oye puedes pausar la impresora 3D porfa,3d_printer_pause
oye puedes pausar la impresión porfa,3d_printer_pause
oye puedes pausar la impresión 3D porfa,3d_printer_pause
oye puedes pausar lo que tengo imprimiendo porfa,3d_printer_pause
oye puedes pausar lo que se está imprimiendo porfa,3d_printer_pause
podrías pausar la impresora porfa,3d_printer_pause
podrías pausar la impresora 3D porfa,3d_printer_pause
podrías pausar la impresión porfa,3d_printer_pause
podrías pausar la impresión 3D porfa,3d_printer_pause
podrías pausar lo que tengo imprimiendo porfa,3d_printer_pause
podrías pausar lo que se está imprimiendo porfa,3d_printer_pause
tienes chance de pausar la impresora porfa,3d_printer_pause
tienes chance de pausar la impresora 3D porfa,3d_printer_pause
tienes chance de pausar la impresión porfa,3d_printer_pause
tienes chance de pausar la impresión 3D porfa,3d_printer_pause
tienes chance de pausar lo que tengo imprimiendo porfa,3d_printer_pause
tienes chance de pausar lo que se está imprimiendo porfa,3d_printer_pause
pausar la impresora porfa,3d_printer_pause
pausar la impresora 3D porfa,3d_printer_pause
pausar la impresión porfa,3d_printer_pause
pausar la impresión 3D porfa,3d_printer_pause
pausar lo que tengo imprimiendo porfa,3d_printer_pause
pausar lo que se está imprimiendo porfa,3d_printer_pause
puedes pausar la impresora por favor,3d_printer_pause
puedes pausar la impresora 3D por favor,3d_printer_pause
puedes pausar la impresión por favor,3d_printer_pause
puedes pausar la impresión 3D por favor,3d_printer_pause
puedes pausar lo que tengo imprimiendo por favor,3d_printer_pause
puedes pausar lo que se está imprimiendo por favor,3d_printer_pause
oye puedes pausar la impresora por favor,3d_printer_pause
oye puedes pausar la impresora 3D por favor,3d_printer_pause
oye puedes pausar la impresión por favor,3d_printer_pause
oye puedes pausar la impresión 3D por favor,3d_printer_pause
oye puedes pausar lo que tengo imprimiendo por favor,3d_printer_pause
oye puedes pausar lo que se está imprimiendo por favor,3d_printer_pause
podrías pausar la impresora por favor,3d_printer_pause
podrías pausar la impresora 3D por favor,3d_printer_pause
podrías pausar la impresión por favor,3d_printer_pause
podrías pausar la impresión 3D por favor,3d_printer_pause
podrías pausar lo que tengo imprimiendo por favor,3d_printer_pause
podrías pausar lo que se está imprimiendo por favor,3d_printer_pause
tienes chance de pausar la impresora por favor,3d_printer_pause
tienes chance de pausar la impresora 3D por favor,3d_printer_pause
tienes chance de pausar la impresión por favor,3d_printer_pause
tienes chance de pausar la impresión 3D por favor,3d_printer_pause
tienes chance de pausar lo que tengo imprimiendo por favor,3d_printer_pause
tienes chance de pausar lo que se está imprimiendo por favor,3d_printer_pause
pausar la impresora por favor,3d_printer_pause
pausar la impresora 3D por favor,3d_printer_pause
pausar la impresión por favor,3d_printer_pause
pausar la impresión 3D por favor,3d_printer_pause
pausar lo que tengo imprimiendo por favor,3d_printer_pause
pausar lo que se está imprimiendo por favor,3d_printer_pause
puedes pausar la impresora,3d_printer_pause
puedes pausar la impresora 3D,3d_printer_pause
puedes pausar la impresión,3d_printer_pause
puedes pausar la impresión 3D,3d_printer_pause
puedes pausar lo que tengo imprimiendo,3d_printer_pause
puedes pausar lo que se está imprimiendo,3d_printer_pause
oye puedes pausar la impresora,3d_printer_pause
oye puedes pausar la impresora 3D,3d_printer_pause
oye puedes pausar la impresión,3d_printer_pause
oye puedes pausar la impresión 3D,3d_printer_pause
oye puedes pausar lo que tengo imprimiendo,3d_printer_pause
oye puedes pausar lo que se está imprimiendo,3d_printer_pause
podrías pausar la impresora,3d_printer_pause
podrías pausar la impresora 3D,3d_printer_pause
podrías pausar la impresión,3d_printer_pause
podrías pausar la impresión 3D,3d_printer_pause
podrías pausar lo que tengo imprimiendo,3d_printer_pause
podrías pausar lo que se está imprimiendo,3d_printer_pause
tienes chance de pausar la impresora,3d_printer_pause
tienes chance de pausar la impresora 3D,3d_printer_pause
tienes chance de pausar la impresión,3d_printer_pause
tienes chance de pausar la impresión 3D,3d_printer_pause
tienes chance de pausar lo que tengo imprimiendo,3d_printer_pause
tienes chance de pausar lo que se está imprimiendo,3d_printer_pause
pausar la impresora,3d_printer_pause
pausar la impresora 3D,3d_printer_pause
pausar la impresión,3d_printer_pause
pausar la impresión 3D,3d_printer_pause
pausar lo que tengo imprimiendo,3d_printer_pause
pausar lo que se está imprimiendo,3d_printer_pause
oye pausa la impresora porfa,3d_printer_pause
oye pausa la impresora 3D porfa,3d_printer_pause
oye pausa la impresión porfa,3d_printer_pause
oye pausa la impresión 3D porfa,3d_printer_pause
oye pausa lo que tengo imprimiendo porfa,3d_printer_pause
oye pausa lo que se está imprimiendo porfa,3d_printer_pause
pausa la impresora porfa,3d_printer_pause
pausa la impresora 3D porfa,3d_printer_pause
pausa la impresión porfa,3d_printer_pause
pausa la impresión 3D porfa,3d_printer_pause
pausa lo que tengo imprimiendo porfa,3d_printer_pause
pausa lo que se está imprimiendo porfa,3d_printer_pause
oye pausa la impresora por favor,3d_printer_pause
oye pausa la impresora 3D por favor,3d_printer_pause
oye pausa la impresión por favor,3d_printer_pause
oye pausa la impresión 3D por favor,3d_printer_pause
oye pausa lo que tengo imprimiendo por favor,3d_printer_pause
oye pausa lo que se está imprimiendo por favor,3d_printer_pause
pausa la impresora por favor,3d_printer_pause
pausa la impresora 3D por favor,3d_printer_pause
pausa la impresión por favor,3d_printer_pause
pausa la impresión 3D por favor,3d_printer_pause
pausa lo que tengo imprimiendo por favor,3d_printer_pause
pausa lo que se está imprimiendo por favor,3d_printer_pause
oye pausa la impresora,3d_printer_pause
oye pausa la impresora 3D,3d_printer_pause
oye pausa la impresión,3d_printer_pause
oye pausa la impresión 3D,3d_printer_pause
oye pausa lo que tengo imprimiendo,3d_printer_pause
oye pausa lo que se está imprimiendo,3d_printer_pause
pausa la impresora,3d_printer_pause
pausa la impresora 3D,3d_printer_pause
pausa la impresión,3d_printer_pause
pausa la impresión 3D,3d_printer_pause
pausa lo que tengo imprimiendo,3d_printer_pause
pausa lo que se está imprimiendo,3d_printer_pause
ocupo que pauses la impresora porfa,3d_printer_pause
ocupo que pauses la impresora 3D porfa,3d_printer_pause
ocupo que pauses la impresión porfa,3d_printer_pause
ocupo que pauses la impresión 3D porfa,3d_printer_pause
ocupo que pauses lo que tengo imprimiendo porfa,3d_printer_pause
ocupo que pauses lo que se está imprimiendo porfa,3d_printer_pause
necesito que pauses la impresora porfa,3d_printer_pause
necesito que pauses la impresora 3D porfa,3d_printer_pause
necesito que pauses la impresión porfa,3d_printer_pause
necesito que pauses la impresión 3D porfa,3d_printer_pause
necesito que pauses lo que tengo imprimiendo porfa,3d_printer_pause
necesito que pauses lo que se está imprimiendo porfa,3d_printer_pause
ocupo que pauses la impresora por favor,3d_printer_pause
ocupo que pauses la impresora 3D por favor,3d_printer_pause
ocupo que pauses la impresión por favor,3d_printer_pause
ocupo que pauses la impresión 3D por favor,3d_printer_pause
ocupo que pauses lo que tengo imprimiendo por favor,3d_printer_pause
ocupo que pauses lo que se está imprimiendo por favor,3d_printer_pause
necesito que pauses la impresora por favor,3d_printer_pause
necesito que pauses la impresora 3D por favor,3d_printer_pause
necesito que pauses la impresión por favor,3d_printer_pause
necesito que pauses la impresión 3D por favor,3d_printer_pause
necesito que pauses lo que tengo imprimiendo por favor,3d_printer_pause
necesito que pauses lo que se está imprimiendo por favor,3d_printer_pause
ocupo que pauses la impresora,3d_printer_pause
ocupo que pauses la impresora 3D,3d_printer_pause
ocupo que pauses la impresión,3d_printer_pause
ocupo que pauses la impresión 3D,3d_printer_pause
ocupo que pauses lo que tengo imprimiendo,3d_printer_pause
ocupo que pauses lo que se está imprimiendo,3d_printer_pause
necesito que pauses la impresora,3d_printer_pause
necesito que pauses la impresora 3D,3d_printer_pause
necesito que pauses la impresión,3d_printer_pause
necesito que pauses la impresión 3D,3d_printer_pause
necesito que pauses lo que tengo imprimiendo,3d_printer_pause
necesito que pauses lo que se está imprimiendo,3d_printer_pause
puedes detener la impresora porfa,3d_printer_stop
puedes detener la impresora 3D porfa,3d_printer_stop
puedes detener la impresión porfa,3d_printer_stop
puedes detener la impresión 3D porfa,3d_printer_stop
puedes detener lo que tengo imprimiendo porfa,3d_printer_stop
puedes detener lo que se está imprimiendo porfa,3d_printer_stop
oye puedes detener la impresora porfa,3d_printer_stop
oye puedes detener la impresora 3D porfa,3d_printer_stop
oye puedes detener la impresión porfa,3d_printer_stop
oye puedes detener la impresión 3D porfa,3d_printer_stop
oye puedes detener lo que tengo imprimiendo porfa,3d_printer_stop
oye puedes detener lo que se está imprimiendo porfa,3d_printer_stop
podrías detener la impresora porfa,3d_printer_stop
podrías detener la impresora 3D porfa,3d_printer_stop
podrías detener la impresión porfa,3d_printer_stop
podrías detener la impresión 3D porfa,3d_printer_stop
podrías detener lo que tengo imprimiendo porfa,3d_printer_stop
podrías detener lo que se está imprimiendo porfa,3d_printer_stop
tienes chance de detener la impresora porfa,3d_printer_stop
tienes chance de detener la impresora 3D porfa,3d_printer_stop
tienes chance de detener la impresión porfa,3d_printer_stop
tienes chance de detener la impresión 3D porfa,3d_printer_stop
tienes chance de detener lo que tengo imprimiendo porfa,3d_printer_stop
tienes chance de detener lo que se está imprimiendo porfa,3d_printer_stop
detener la impresora porfa,3d_printer_stop
detener la impresora 3D porfa,3d_printer_stop
detener la impresión porfa,3d_printer_stop
detener la impresión 3D porfa,3d_printer_stop
detener lo que tengo imprimiendo porfa,3d_printer_stop
detener lo que se está imprimiendo porfa,3d_printer_stop
puedes detener la impresora por favor,3d_printer_stop
puedes detener la impresora 3D por favor,3d_printer_stop
puedes detener la impresión por favor,3d_printer_stop
puedes detener la impresión 3D por favor,3d_printer_stop
puedes detener lo que tengo imprimiendo por favor,3d_printer_stop
puedes detener lo que se está imprimiendo por favor,3d_printer_stop
oye puedes detener la impresora por favor,3d_printer_stop
oye puedes detener la impresora 3D por favor,3d_printer_stop
oye puedes detener la impresión por favor,3d_printer_stop
oye puedes detener la impresión 3D por favor,3d_printer_stop
oye puedes detener lo que tengo imprimiendo por favor,3d_printer_stop
oye puedes detener lo que se está imprimiendo por favor,3d_printer_stop
podrías detener la impresora por favor,3d_printer_stop
podrías detener la impresora 3D por favor,3d_printer_stop
podrías detener la impresión por favor,3d_printer_stop
podrías detener la impresión 3D por favor,3d_printer_stop
podrías detener lo que tengo imprimiendo por favor,3d_printer_stop
podrías detener lo que se está imprimiendo por favor,3d_printer_stop
tienes chance de detener la impresora por favor,3d_printer_stop
tienes chance de detener la impresora 3D por favor,3d_printer_stop
tienes chance de detener la impresión por favor,3d_printer_stop
tienes chance de detener la impresión 3D por favor,3d_printer_stop
tienes chance de detener lo que tengo imprimiendo por favor,3d_printer_stop
tienes chance de detener lo que se está imprimiendo por favor,3d_printer_stop
detener la impresora por favor,3d_printer_stop
detener la impresora 3D por favor,3d_printer_stop
detener la impresión por favor,3d_printer_stop
detener la impresión 3D por favor,3d_printer_stop
detener lo que tengo imprimiendo por favor,3d_printer_stop
detener lo que se está imprimiendo por favor,3d_printer_stop
puedes detener la impresora,3d_printer_stop
puedes detener la impresora 3D,3d_printer_stop
puedes detener la impresión,3d_printer_stop
puedes detener la impresión 3D,3d_printer_stop
puedes detener lo que tengo imprimiendo,3d_printer_stop
puedes detener lo que se está imprimiendo,3d_printer_stop
oye puedes detener la impresora,3d_printer_stop
oye puedes detener la impresora 3D,3d_printer_stop
oye puedes detener la impresión,3d_printer_stop
oye puedes detener la impresión 3D,3d_printer_stop
oye puedes detener lo que tengo imprimiendo,3d_printer_stop
oye puedes detener lo que se está imprimiendo,3d_printer_stop
podrías detener la impresora,3d_printer_stop
podrías detener la impresora 3D,3d_printer_stop
podrías detener la impresión,3d_printer_stop
podrías detener la impresión 3D,3d_printer_stop
podrías detener lo que tengo imprimiendo,3d_printer_stop
podrías detener lo que se está imprimiendo,3d_printer_stop
tienes chance de detener la impresora,3d_printer_stop
tienes chance de detener la impresora 3D,3d_printer_stop
tienes chance de detener la impresión,3d_printer_stop
tienes chance de detener la impresión 3D,3d_printer_stop
tienes chance de detener lo que tengo imprimiendo,3d_printer_stop
tienes chance de detener lo que se está imprimiendo,3d_printer_stop
detener la impresora,3d_printer_stop
detener la impresora 3D,3d_printer_stop
detener la impresión,3d_printer_stop
detener la impresión 3D,3d_printer_stop
detener lo que tengo imprimiendo,3d_printer_stop
detener lo que se está imprimiendo,3d_printer_stop
oye deten la impresora porfa,3d_printer_stop
oye deten la impresora 3D porfa,3d_printer_stop
oye deten la impresión porfa,3d_printer_stop
oye deten la impresión 3D porfa,3d_printer_stop
oye deten lo que tengo imprimiendo porfa,3d_printer_stop
oye deten lo que se está imprimiendo porfa,3d_printer_stop
deten la impresora porfa,3d_printer_stop
deten la impresora 3D porfa,3d_printer_stop
deten la impresión porfa,3d_printer_stop
deten la impresión 3D porfa,3d_printer_stop
deten lo que tengo imprimiendo porfa,3d_printer_stop
deten lo que se está imprimiendo porfa,3d_printer_stop
oye deten la impresora por favor,3d_printer_stop
oye deten la impresora 3D por favor,3d_printer_stop
oye deten la impresión por favor,3d_printer_stop
oye deten la impresión 3D por favor,3d_printer_stop
oye deten lo que tengo imprimiendo por favor,3d_printer_stop
oye deten lo que se está imprimiendo por favor,3d_printer_stop
deten la impresora por favor,3d_printer_stop
deten la impresora 3D por favor,3d_printer_stop
deten la impresión por favor,3d_printer_stop
deten la impresión 3D por favor,3d_printer_stop
deten lo que tengo imprimiendo por favor,3d_printer_stop
deten lo que se está imprimiendo por favor,3d_printer_stop
oye deten la impresora,3d_printer_stop
oye deten la impresora 3D,3d_printer_stop
oye deten la impresión,3d_printer_stop
oye deten la impresión 3D,3d_printer_stop
oye deten lo que tengo imprimiendo,3d_printer_stop
oye deten lo que se está imprimiendo,3d_printer_stop
deten la impresora,3d_printer_stop
deten la impresora 3D,3d_printer_stop
deten la impresión,3d_printer_stop
deten la impresión 3D,3d_printer_stop
deten lo que tengo imprimiendo,3d_printer_stop
deten lo que se está imprimiendo,3d_printer_stop
ocupo que detengas la impresora porfa,3d_printer_stop
ocupo que detengas la impresora 3D porfa,3d_printer_stop
ocupo que detengas la impresión porfa,3d_printer_stop
ocupo que detengas la impresión 3D porfa,3d_printer_stop
ocupo que detengas lo que tengo imprimiendo porfa,3d_printer_stop
ocupo que detengas lo que se está imprimiendo porfa,3d_printer_stop
necesito que detengas la impresora porfa,3d_printer_stop
necesito que detengas la impresora 3D porfa,3d_printer_stop
necesito que detengas la impresión porfa,3d_printer_stop
necesito que detengas la impresión 3D porfa,3d_printer_stop
necesito que detengas lo que tengo imprimiendo porfa,3d_printer_stop
necesito que detengas lo que se está imprimiendo porfa,3d_printer_stop
ocupo que detengas la impresora por favor,3d_printer_stop
ocupo que detengas la impresora 3D por favor,3d_printer_stop
ocupo que detengas la impresión por favor,3d_printer_stop
ocupo que detengas la impresión 3D por favor,3d_printer_stop
ocupo que detengas lo que tengo imprimiendo por favor,3d_printer_stop
ocupo que detengas lo que se está imprimiendo por favor,3d_printer_stop
necesito que detengas la impresora por favor,3d_printer_stop
necesito que detengas la impresora 3D por favor,3d_printer_stop
necesito que detengas la impresión por favor,3d_printer_stop
necesito que detengas la impresión 3D por favor,3d_printer_stop
necesito que detengas lo que tengo imprimiendo por favor,3d_printer_stop
necesito que detengas lo que se está imprimiendo por favor,3d_printer_stop
ocupo que detengas la impresora,3d_printer_stop
ocupo que detengas la impresora 3D,3d_printer_stop
ocupo que detengas la impresión,3d_printer_stop
ocupo que detengas la impresión 3D,3d_printer_stop
ocupo que detengas lo que tengo imprimiendo,3d_printer_stop
ocupo que detengas lo que se está imprimiendo,3d_printer_stop
necesito que detengas la impresora,3d_printer_stop
necesito que detengas la impresora 3D,3d_printer_stop
necesito que detengas la impresión,3d_printer_stop
necesito que detengas la impresión 3D,3d_printer_stop
necesito que detengas lo que tengo imprimiendo,3d_printer_stop
necesito que detengas lo que se está imprimiendo,3d_printer_stop
puedes apagar la impresora porfa,3d_printer_off
puedes apagar la impresora 3D porfa,3d_printer_off
oye puedes apagar la impresora porfa,3d_printer_off
oye puedes apagar la impresora 3D porfa,3d_printer_off
podrías apagar la impresora porfa,3d_printer_off
podrías apagar la impresora 3D porfa,3d_printer_off
tienes chance de apagar la impresora porfa,3d_printer_off
tienes chance de apagar la impresora 3D porfa,3d_printer_off
apagar la impresora porfa,3d_printer_off
apagar la impresora 3D porfa,3d_printer_off
puedes apagar la impresora por favor,3d_printer_off
puedes apagar la impresora 3D por favor,3d_printer_off
oye puedes apagar la impresora por favor,3d_printer_off
oye puedes apagar la impresora 3D por favor,3d_printer_off
podrías apagar la impresora por favor,3d_printer_off
podrías apagar la impresora 3D por favor,3d_printer_off
tienes chance de apagar la impresora por favor,3d_printer_off
tienes chance de apagar la impresora 3D por favor,3d_printer_off
apagar la impresora por favor,3d_printer_off
apagar la impresora 3D por favor,3d_printer_off
puedes apagar la impresora,3d_printer_off
puedes apagar la impresora 3D,3d_printer_off
oye puedes apagar la impresora,3d_printer_off
oye puedes apagar la impresora 3D,3d_printer_off
podrías apagar la impresora,3d_printer_off
podrías apagar la impresora 3D,3d_printer_off
tienes chance de apagar la impresora,3d_printer_off
tienes chance de apagar la impresora 3D,3d_printer_off
apagar la impresora,3d_printer_off
apagar la impresora 3D,3d_printer_off
puedes desconectar la impresora porfa,3d_printer_off
puedes desconectar la impresora 3D porfa,3d_printer_off
oye puedes desconectar la impresora porfa,3d_printer_off
oye puedes desconectar la impresora 3D porfa,3d_printer_off
podrías desconectar la impresora porfa,3d_printer_off
podrías desconectar la impresora 3D porfa,3d_printer_off
tienes chance de desconectar la impresora porfa,3d_printer_off
tienes chance de desconectar la impresora 3D porfa,3d_printer_off
desconectar la impresora porfa,3d_printer_off
desconectar la impresora 3D porfa,3d_printer_off
puedes desconectar la impresora por favor,3d_printer_off
puedes desconectar la impresora 3D por favor,3d_printer_off
oye puedes desconectar la impresora por favor,3d_printer_off
oye puedes desconectar la impresora 3D por favor,3d_printer_off
podrías desconectar la impresora por favor,3d_printer_off
podrías desconectar la impresora 3D por favor,3d_printer_off
tienes chance de desconectar la impresora por favor,3d_printer_off
tienes chance de desconectar la impresora 3D por favor,3d_printer_off
desconectar la impresora por favor,3d_printer_off
desconectar la impresora 3D por favor,3d_printer_off
puedes desconectar la impresora,3d_printer_off
puedes desconectar la impresora 3D,3d_printer_off
oye puedes desconectar la impresora,3d_printer_off
oye puedes desconectar la impresora 3D,3d_printer_off
podrías desconectar la impresora,3d_printer_off
podrías desconectar la impresora 3D,3d_printer_off
tienes chance de desconectar la impresora,3d_printer_off
tienes chance de desconectar la impresora 3D,3d_printer_off
desconectar la impresora,3d_printer_off
desconectar la impresora 3D,3d_printer_off
puedes desactivar la impresora porfa,3d_printer_off
puedes desactivar la impresora 3D porfa,3d_printer_off
oye puedes desactivar la impresora porfa,3d_printer_off
oye puedes desactivar la impresora 3D porfa,3d_printer_off
podrías desactivar la impresora porfa,3d_printer_off
podrías desactivar la impresora 3D porfa,3d_printer_off
tienes chance de desactivar la impresora porfa,3d_printer_off
tienes chance de desactivar la impresora 3D porfa,3d_printer_off
desactivar la impresora porfa,3d_printer_off
desactivar la impresora 3D porfa,3d_printer_off
puedes desactivar la impresora por favor,3d_printer_off
puedes desactivar la impresora 3D por favor,3d_printer_off
oye puedes desactivar la impresora por favor,3d_printer_off
oye puedes desactivar la impresora 3D por favor,3d_printer_off
podrías desactivar la impresora por favor,3d_printer_off
podrías desactivar la impresora 3D por favor,3d_printer_off
tienes chance de desactivar la impresora por favor,3d_printer_off
tienes chance de desactivar la impresora 3D por favor,3d_printer_off
desactivar la impresora por favor,3d_printer_off
desactivar la impresora 3D por favor,3d_printer_off
puedes desactivar la impresora,3d_printer_off
puedes desactivar la impresora 3D,3d_printer_off
oye puedes desactivar la impresora,3d_printer_off
oye puedes desactivar la impresora 3D,3d_printer_off
podrías desactivar la impresora,3d_printer_off
podrías desactivar la impresora 3D,3d_printer_off
tienes chance de desactivar la impresora,3d_printer_off
tienes chance de desactivar la impresora 3D,3d_printer_off
desactivar la impresora,3d_printer_off
desactivar la impresora 3D,3d_printer_off
oye apaga la impresora porfa,3d_printer_off
oye apaga la impresora 3D porfa,3d_printer_off
apaga la impresora porfa,3d_printer_off
apaga la impresora 3D porfa,3d_printer_off
oye apaga la impresora por favor,3d_printer_off
oye apaga la impresora 3D por favor,3d_printer_off
apaga la impresora por favor,3d_printer_off
apaga la impresora 3D por favor,3d_printer_off
oye apaga la impresora,3d_printer_off
oye apaga la impresora 3D,3d_printer_off
apaga la impresora,3d_printer_off
apaga la impresora 3D,3d_printer_off
oye desconecta la impresora porfa,3d_printer_off
oye desconecta la impresora 3D porfa,3d_printer_off
desconecta la impresora porfa,3d_printer_off
desconecta la impresora 3D porfa,3d_printer_off
oye desconecta la impresora por favor,3d_printer_off
oye desconecta la impresora 3D por favor,3d_printer_off
desconecta la impresora por favor,3d_printer_off
desconecta la impresora 3D por favor,3d_printer_off
oye desconecta la impresora,3d_printer_off
oye desconecta la impresora 3D,3d_printer_off
desconecta la impresora,3d_printer_off
desconecta la impresora 3D,3d_printer_off
oye desactiva la impresora porfa,3d_printer_off
oye desactiva la impresora 3D porfa,3d_printer_off
desactiva la impresora porfa,3d_printer_off
desactiva la impresora 3D porfa,3d_printer_off
oye desactiva la impresora por favor,3d_printer_off
oye desactiva la impresora 3D por favor,3d_printer_off
desactiva la impresora por favor,3d_printer_off
desactiva la impresora 3D por favor,3d_printer_off
oye desactiva la impresora,3d_printer_off
oye desactiva la impresora 3D,3d_printer_off
desactiva la impresora,3d_printer_off
desactiva la impresora 3D,3d_printer_off
ocupo que apagues la impresora porfa,3d_printer_off
ocupo que apagues la impresora 3D porfa,3d_printer_off
necesito que apagues la impresora porfa,3d_printer_off
necesito que apagues la impresora 3D porfa,3d_printer_off
ocupo que apagues la impresora por favor,3d_printer_off
ocupo que apagues la impresora 3D por favor,3d_printer_off
necesito que apagues la impresora por favor,3d_printer_off
necesito que apagues la impresora 3D por favor,3d_printer_off
ocupo que apagues la impresora,3d_printer_off
ocupo que apagues la impresora 3D,3d_printer_off
necesito que apagues la impresora,3d_printer_off
necesito que apagues la impresora 3D,3d_printer_off
ocupo que desconectes la impresora porfa,3d_printer_off
ocupo que desconectes la impresora 3D porfa,3d_printer_off
necesito que desconectes la impresora porfa,3d_printer_off
necesito que desconectes la impresora 3D porfa,3d_printer_off
ocupo que desconectes la impresora por favor,3d_printer_off
ocupo que desconectes la impresora 3D por favor,3d_printer_off
necesito que desconectes la impresora por favor,3d_printer_off
necesito que desconectes la impresora 3D por favor,3d_printer_off
ocupo que desconectes la impresora,3d_printer_off
ocupo que desconectes la impresora 3D,3d_printer_off
necesito que desconectes la impresora,3d_printer_off
necesito que desconectes la impresora 3D,3d_printer_off
ocupo que desactives la impresora porfa,3d_printer_off
ocupo que desactives la impresora 3D porfa,3d_printer_off
necesito que desactives la impresora porfa,3d_printer_off
necesito que desactives la impresora 3D porfa,3d_printer_off
ocupo que desactives la impresora por favor,3d_printer_off
ocupo que desactives la impresora 3D por favor,3d_printer_off
necesito que desactives la impresora por favor,3d_printer_off
necesito que desactives la impresora 3D por favor,3d_printer_off
ocupo que desactives la impresora,3d_printer_off
ocupo que desactives la impresora 3D,3d_printer_off
necesito que desactives la impresora,3d_printer_off
necesito que desactives la impresora 3D,3d_printer_off
puedes reanudar la impresión porfa,3d_printer_continue
puedes reanudar la impresión 3D porfa,3d_printer_continue
puedes reanudar lo que se está imprimiendo porfa,3d_printer_continue
puedes reanudar lo que tengo en la impresora porfa,3d_printer_continue
puedes reanudar la pieza que se esta imprimieno porfa,3d_printer_continue
oye puedes reanudar la impresión porfa,3d_printer_continue
oye puedes reanudar la impresión 3D porfa,3d_printer_continue
oye puedes reanudar lo que se está imprimiendo porfa,3d_printer_continue
oye puedes reanudar lo que tengo en la impresora porfa,3d_printer_continue
oye puedes reanudar la pieza que se esta imprimieno porfa,3d_printer_continue
podrías reanudar la impresión porfa,3d_printer_continue
podrías reanudar la impresión 3D porfa,3d_printer_continue
podrías reanudar lo que se está imprimiendo porfa,3d_printer_continue
podrías reanudar lo que tengo en la impresora porfa,3d_printer_continue
podrías reanudar la pieza que se esta imprimieno porfa,3d_printer_continue
tienes chance de reanudar la impresión porfa,3d_printer_continue
tienes chance de reanudar la impresión 3D porfa,3d_printer_continue
tienes chance de reanudar lo que se está imprimiendo porfa,3d_printer_continue
tienes chance de reanudar lo que tengo en la impresora porfa,3d_printer_continue
tienes chance de reanudar la pieza que se esta imprimieno porfa,3d_printer_continue
puedes reanudar la impresión por favor,3d_printer_continue
puedes reanudar la impresión 3D por favor,3d_printer_continue
puedes reanudar lo que se está imprimiendo por favor,3d_printer_continue
puedes reanudar lo que tengo en la impresora por favor,3d_printer_continue
puedes reanudar la pieza que se esta imprimieno por favor,3d_printer_continue
oye puedes reanudar la impresión por favor,3d_printer_continue
oye puedes reanudar la impresión 3D por favor,3d_printer_continue
oye puedes reanudar lo que se está imprimiendo por favor,3d_printer_continue
oye puedes reanudar lo que tengo en la impresora por favor,3d_printer_continue
oye puedes reanudar la pieza que se esta imprimieno por favor,3d_printer_continue
podrías reanudar la impresión por favor,3d_printer_continue
podrías reanudar la impresión 3D por favor,3d_printer_continue
podrías reanudar lo que se está imprimiendo por favor,3d_printer_continue
podrías reanudar lo que tengo en la impresora por favor,3d_printer_continue
podrías reanudar la pieza que se esta imprimieno por favor,3d_printer_continue
tienes chance de reanudar la impresión por favor,3d_printer_continue
tienes chance de reanudar la impresión 3D por favor,3d_printer_continue
tienes chance de reanudar lo que se está imprimiendo por favor,3d_printer_continue
tienes chance de reanudar lo que tengo en la impresora por favor,3d_printer_continue
tienes chance de reanudar la pieza que se esta imprimieno por favor,3d_printer_continue
puedes reanudar la impresión,3d_printer_continue
puedes reanudar la impresión 3D,3d_printer_continue
puedes reanudar lo que se está imprimiendo,3d_printer_continue
puedes reanudar lo que tengo en la impresora,3d_printer_continue
puedes reanudar la pieza que se esta imprimieno,3d_printer_continue
oye puedes reanudar la impresión,3d_printer_continue
oye puedes reanudar la impresión 3D,3d_printer_continue
oye puedes reanudar lo que se está imprimiendo,3d_printer_continue
oye puedes reanudar lo que tengo en la impresora,3d_printer_continue
oye puedes reanudar la pieza que se esta imprimieno,3d_printer_continue
podrías reanudar la impresión,3d_printer_continue
podrías reanudar la impresión 3D,3d_printer_continue
podrías reanudar lo que se está imprimiendo,3d_printer_continue
podrías reanudar lo que tengo en la impresora,3d_printer_continue
podrías reanudar la pieza que se esta imprimieno,3d_printer_continue
tienes chance de reanudar la impresión,3d_printer_continue
tienes chance de reanudar la impresión 3D,3d_printer_continue
tienes chance de reanudar lo que se está imprimiendo,3d_printer_continue
tienes chance de reanudar lo que tengo en la impresora,3d_printer_continue
tienes chance de reanudar la pieza que se esta imprimieno,3d_printer_continue
puedes continuar con la impresión porfa,3d_printer_continue
puedes continuar con la impresión 3D porfa,3d_printer_continue
puedes continuar con lo que se está imprimiendo porfa,3d_printer_continue
puedes continuar con lo que tengo en la impresora porfa,3d_printer_continue
puedes continuar con la pieza que se esta imprimieno porfa,3d_printer_continue
oye puedes continuar con la impresión porfa,3d_printer_continue
oye puedes continuar con la impresión 3D porfa,3d_printer_continue
oye puedes continuar con lo que se está imprimiendo porfa,3d_printer_continue
oye puedes continuar con lo que tengo en la impresora porfa,3d_printer_continue
oye puedes continuar con la pieza que se esta imprimieno porfa,3d_printer_continue
podrías continuar con la impresión porfa,3d_printer_continue
podrías continuar con la impresión 3D porfa,3d_printer_continue
podrías continuar con lo que se está imprimiendo porfa,3d_printer_continue
podrías continuar con lo que tengo en la impresora porfa,3d_printer_continue
podrías continuar con la pieza que se esta imprimieno porfa,3d_printer_continue
tienes chance de continuar con la impresión porfa,3d_printer_continue
tienes chance de continuar con la impresión 3D porfa,3d_printer_continue
tienes chance de continuar con lo que se está imprimiendo porfa,3d_printer_continue
tienes chance de continuar con lo que tengo en la impresora porfa,3d_printer_continue
tienes chance de continuar con la pieza que se esta imprimieno porfa,3d_printer_continue
puedes continuar con la impresión por favor,3d_printer_continue
puedes continuar con la impresión 3D por favor,3d_printer_continue
puedes continuar con lo que se está imprimiendo por favor,3d_printer_continue
puedes continuar con lo que tengo en la impresora por favor,3d_printer_continue
puedes continuar con la pieza que se esta imprimieno por favor,3d_printer_continue
oye puedes continuar con la impresión por favor,3d_printer_continue
oye puedes continuar con la impresión 3D por favor,3d_printer_continue
oye puedes continuar con lo que se está imprimiendo por favor,3d_printer_continue
oye puedes continuar con lo que tengo en la impresora por favor,3d_printer_continue
oye puedes continuar con la pieza que se esta imprimieno por favor,3d_printer_continue
podrías continuar con la impresión por favor,3d_printer_continue
podrías continuar con la impresión 3D por favor,3d_printer_continue
podrías continuar con lo que se está imprimiendo por favor,3d_printer_continue
podrías continuar con lo que tengo en la impresora por favor,3d_printer_continue
podrías continuar con la pieza que se esta imprimieno por favor,3d_printer_continue
tienes chance de continuar con la impresión por favor,3d_printer_continue
tienes chance de continuar con la impresión 3D por favor,3d_printer_continue
tienes chance de continuar con lo que se está imprimiendo por favor,3d_printer_continue
tienes chance de continuar con lo que tengo en la impresora por favor,3d_printer_continue
tienes chance de continuar con la pieza que se esta imprimieno por favor,3d_printer_continue
puedes continuar con la impresión,3d_printer_continue
puedes continuar con la impresión 3D,3d_printer_continue
puedes continuar con lo que se está imprimiendo,3d_printer_continue
puedes continuar con lo que tengo en la impresora,3d_printer_continue
puedes continuar con la pieza que se esta imprimieno,3d_printer_continue
oye puedes continuar con la impresión,3d_printer_continue
oye puedes continuar con la impresión 3D,3d_printer_continue
oye puedes continuar con lo que se está imprimiendo,3d_printer_continue
oye puedes continuar con lo que tengo en la impresora,3d_printer_continue
oye puedes continuar con la pieza que se esta imprimieno,3d_printer_continue
podrías continuar con la impresión,3d_printer_continue
podrías continuar con la impresión 3D,3d_printer_continue
podrías continuar con lo que se está imprimiendo,3d_printer_continue
podrías continuar con lo que tengo en la impresora,3d_printer_continue
podrías continuar con la pieza que se esta imprimieno,3d_printer_continue
tienes chance de continuar con la impresión,3d_printer_continue
tienes chance de continuar con la impresión 3D,3d_printer_continue
tienes chance de continuar con lo que se está imprimiendo,3d_printer_continue
tienes chance de continuar con lo que tengo en la impresora,3d_printer_continue
tienes chance de continuar con la pieza que se esta imprimieno,3d_printer_continue
oye reanuda la impresión porfa,3d_printer_continue
oye reanuda la impresión 3D porfa,3d_printer_continue
oye reanuda lo que se está imprimiendo porfa,3d_printer_continue
oye reanuda lo que tengo en la impresora porfa,3d_printer_continue
oye reanuda la pieza que se esta imprimieno porfa,3d_printer_continue
reanuda la impresión porfa,3d_printer_continue
reanuda la impresión 3D porfa,3d_printer_continue
reanuda lo que se está imprimiendo porfa,3d_printer_continue
reanuda lo que tengo en la impresora porfa,3d_printer_continue
reanuda la pieza que se esta imprimieno porfa,3d_printer_continue
oye reanuda la impresión por favor,3d_printer_continue
oye reanuda la impresión 3D por favor,3d_printer_continue
oye reanuda lo que se está imprimiendo por favor,3d_printer_continue
oye reanuda lo que tengo en la impresora por favor,3d_printer_continue
oye reanuda la pieza que se esta imprimieno por favor,3d_printer_continue
reanuda la impresión por favor,3d_printer_continue
reanuda la impresión 3D por favor,3d_printer_continue
reanuda lo que se está imprimiendo por favor,3d_printer_continue
reanuda lo que tengo en la impresora por favor,3d_printer_continue
reanuda la pieza que se esta imprimieno por favor,3d_printer_continue
oye reanuda la impresión,3d_printer_continue
oye reanuda la impresión 3D,3d_printer_continue
oye reanuda lo que se está imprimiendo,3d_printer_continue
oye reanuda lo que tengo en la impresora,3d_printer_continue
oye reanuda la pieza que se esta imprimieno,3d_printer_continue
reanuda la impresión,3d_printer_continue
reanuda la impresión 3D,3d_printer_continue
reanuda lo que se está imprimiendo,3d_printer_continue
reanuda lo que tengo en la impresora,3d_printer_continue
reanuda la pieza que se esta imprimieno,3d_printer_continue
oye continúa la impresión porfa,3d_printer_continue
oye continúa la impresión 3D porfa,3d_printer_continue
oye continúa lo que se está imprimiendo porfa,3d_printer_continue
oye continúa lo que tengo en la impresora porfa,3d_printer_continue
oye continúa la pieza que se esta imprimieno porfa,3d_printer_continue
continúa la impresión porfa,3d_printer_continue
continúa la impresión 3D porfa,3d_printer_continue
continúa lo que se está imprimiendo porfa,3d_printer_continue
continúa lo que tengo en la impresora porfa,3d_printer_continue
continúa la pieza que se esta imprimieno porfa,3d_printer_continue
oye continúa la impresión por favor,3d_printer_continue
oye continúa la impresión 3D por favor,3d_printer_continue
oye continúa lo que se está imprimiendo por favor,3d_printer_continue
oye continúa lo que tengo en la impresora por favor,3d_printer_continue
oye continúa la pieza que se esta imprimieno por favor,3d_printer_continue
continúa la impresión por favor,3d_printer_continue
continúa la impresión 3D por favor,3d_printer_continue
continúa lo que se está imprimiendo por favor,3d_printer_continue
continúa lo que tengo en la impresora por favor,3d_printer_continue
continúa la pieza que se esta imprimieno por favor,3d_printer_continue
oye continúa la impresión,3d_printer_continue
oye continúa la impresión 3D,3d_printer_continue
oye continúa lo que se está imprimiendo,3d_printer_continue
oye continúa lo que tengo en la impresora,3d_printer_continue
oye continúa la pieza que se esta imprimieno,3d_printer_continue
continúa la impresión,3d_printer_continue
continúa la impresión 3D,3d_printer_continue
continúa lo que se está imprimiendo,3d_printer_continue
continúa lo que tengo en la impresora,3d_printer_continue
continúa la pieza que se esta imprimieno,3d_printer_continue